{
  "name": "Resonant Projects - RSS Ingestion",
  "nodes": [
    {
      "parameters": {
        "rule": {
          "interval": [
            {
              "field": "hours",
              "hoursInterval": 6
            }
          ]
        }
      },
      "id": "schedule-trigger",
      "name": "Every 6 Hours",
      "type": "n8n-nodes-base.scheduleTrigger",
      "typeVersion": 1.1,
      "position": [0, 0]
    },
    {
      "parameters": {
        "jsCode": "// High-priority feeds to poll\nconst feeds = [\n  // Journals\n  { id: 'jasa', url: 'https://pubs.aip.org/rss/site_1000043/rss.xml', topics: ['acoustics', 'psychoacoustics'] },\n  { id: 'music-perception', url: 'https://online.ucpress.edu/mp/rss/recent.xml', topics: ['cognition', 'neuroscience'] },\n  { id: 'jmm', url: 'https://www.tandfonline.com/feed/rss/tmam20', topics: ['math', 'music_theory'] },\n  { id: 'jse', url: 'https://journalofscientificexploration.org/index.php/jse/gateway/plugin/WebFeedGatewayPlugin/rss2', topics: ['consciousness', 'biofields'] },\n  { id: 'gaim', url: 'https://journals.sagepub.com/action/showFeed?ui=0&mi=ehikzz&ai=2b4&jc=gama&type=etoc&feed=rss', topics: ['sound_healing', 'integrative_medicine'] },\n  \n  // Magazines\n  { id: 'quanta', url: 'https://api.quantamagazine.org/feed/', topics: ['math', 'physics'] },\n  { id: 'sos', url: 'https://www.soundonsound.com/rss.xml', topics: ['synthesis', 'production'] },\n  \n  // YouTube (RSS format)\n  { id: '3b1b', url: 'https://www.youtube.com/feeds/videos.xml?channel_id=UCYO_jab_esuFRV4b17AJtAw', topics: ['math', 'visualization'] },\n  { id: 'adam-neely', url: 'https://www.youtube.com/feeds/videos.xml?channel_id=UCnkp4xDOwqqJD7sSM3xdUiQ', topics: ['music_theory', 'tuning'] },\n  { id: 'cymascope', url: 'https://www.youtube.com/feeds/videos.xml?channel_id=UChfmWGYc-CA1KwFRqVL9-9w', topics: ['cymatics', 'visualization'] },\n  \n  // Podcasts\n  { id: 'loc-music-brain', url: 'https://www.loc.gov/podcasts/musicandthebrain/podcast.xml', topics: ['neuroscience', 'cognition'] }\n];\n\nreturn feeds.map(f => ({ json: f }));"
      },
      "id": "feed-list",
      "name": "Feed List",
      "type": "n8n-nodes-base.code",
      "typeVersion": 2,
      "position": [220, 0]
    },
    {
      "parameters": {
        "url": "={{ $json.url }}",
        "options": {}
      },
      "id": "rss-read",
      "name": "Read RSS Feed",
      "type": "n8n-nodes-base.rssFeedRead",
      "typeVersion": 1,
      "position": [440, 0],
      "onError": "continueRegularOutput"
    },
    {
      "parameters": {
        "jsCode": "// Get feed metadata from input\nconst feedId = $('Feed List').item.json.id;\nconst feedTopics = $('Feed List').item.json.topics;\n\n// Get RSS item\nconst item = $input.item.json;\n\n// Build payload for Convex\nreturn {\n  json: {\n    feedId: feedId,\n    feedUrl: $('Feed List').item.json.url,\n    guid: item.guid || item.id || item.link,\n    title: item.title,\n    link: item.link,\n    publishedAt: item.pubDate ? new Date(item.pubDate).getTime() : null,\n    summaryText: item.contentSnippet || item.description || null,\n    author: item.creator || item['dc:creator'] || null,\n    topics: feedTopics\n  }\n};"
      },
      "id": "transform",
      "name": "Transform to Payload",
      "type": "n8n-nodes-base.code",
      "typeVersion": 2,
      "position": [660, 0]
    },
    {
      "parameters": {
        "method": "POST",
        "url": "={{ $env.CONVEX_INGEST_BASE_URL }}/ingest/rssItem",
        "authentication": "genericCredentialType",
        "genericAuthType": "httpHeaderAuth",
        "sendBody": true,
        "specifyBody": "json",
        "jsonBody": "={\n  \"secret\": \"{{ $env.CONVEX_INGEST_SECRET }}\",\n  \"feedUrl\": \"{{ $json.feedUrl }}\",\n  \"guid\": \"{{ $json.guid }}\",\n  \"title\": \"{{ $json.title }}\",\n  \"link\": \"{{ $json.link }}\",\n  \"publishedAt\": {{ $json.publishedAt }},\n  \"summaryText\": {{ $json.summaryText ? JSON.stringify($json.summaryText) : null }},\n  \"author\": {{ $json.author ? JSON.stringify($json.author) : null }},\n  \"topics\": {{ JSON.stringify($json.topics) }}\n}",
        "options": {}
      },
      "id": "post-convex",
      "name": "POST to Convex",
      "type": "n8n-nodes-base.httpRequest",
      "typeVersion": 4.1,
      "position": [880, 0],
      "onError": "continueRegularOutput"
    },
    {
      "parameters": {
        "jsCode": "// Collect results for logging\nconst items = $input.all();\nconst success = items.filter(i => !i.error).length;\nconst failed = items.filter(i => i.error).length;\n\nreturn {\n  json: {\n    timestamp: new Date().toISOString(),\n    feedsProcessed: $('Feed List').all().length,\n    itemsIngested: success,\n    itemsFailed: failed,\n    summary: `Processed ${success} items, ${failed} failures`\n  }\n};"
      },
      "id": "summary",
      "name": "Log Summary",
      "type": "n8n-nodes-base.code",
      "typeVersion": 2,
      "position": [1100, 0]
    }
  ],
  "connections": {
    "Every 6 Hours": {
      "main": [
        [{ "node": "Feed List", "type": "main", "index": 0 }]
      ]
    },
    "Feed List": {
      "main": [
        [{ "node": "Read RSS Feed", "type": "main", "index": 0 }]
      ]
    },
    "Read RSS Feed": {
      "main": [
        [{ "node": "Transform to Payload", "type": "main", "index": 0 }]
      ]
    },
    "Transform to Payload": {
      "main": [
        [{ "node": "POST to Convex", "type": "main", "index": 0 }]
      ]
    },
    "POST to Convex": {
      "main": [
        [{ "node": "Log Summary", "type": "main", "index": 0 }]
      ]
    }
  },
  "settings": {
    "executionOrder": "v1"
  },
  "staticData": null,
  "tags": ["resonant-projects", "ingestion"],
  "triggerCount": 1,
  "meta": {
    "instanceId": "resonant-projects-rss"
  }
}
