{
  "_meta": {
    "version": "1.0",
    "extractedFrom": "Music, Frequency, and Holistic Understanding - Section V",
    "createdAt": "2026-02-05",
    "notes": "RSS feeds and monitoring sources for Resonant Projects ingestion pipeline"
  },

  "feeds": {
    "journals": [
      {
        "id": "jasa",
        "name": "Journal of the Acoustical Society of America",
        "feedUrl": "https://pubs.aip.org/rss/site_1000043/rss.xml",
        "altFeedUrl": "https://pubs.aip.org/asa/jasa/issue/rss",
        "homepage": "https://pubs.aip.org/asa/jasa",
        "publisher": "AIP Publishing / Acoustical Society of America",
        "topics": ["acoustics", "psychoacoustics", "bioacoustics", "musical_acoustics"],
        "priority": "high",
        "pollInterval": "6h",
        "notes": "Premier journal for all aspects of sound. Archives back to 1929.",
        "requiresSubscription": true,
        "openAccessPartial": true
      },
      {
        "id": "music-perception",
        "name": "Music Perception",
        "feedUrl": "https://online.ucpress.edu/mp/rss/recent.xml",
        "homepage": "https://online.ucpress.edu/mp",
        "publisher": "University of California Press / SMPC",
        "topics": ["psychoacoustics", "cognition", "neuroscience", "perception"],
        "priority": "high",
        "pollInterval": "6h",
        "notes": "Leading journal on cognitive and neurological processing of music.",
        "requiresSubscription": true
      },
      {
        "id": "jmm",
        "name": "Journal of Mathematics and Music",
        "feedUrl": "https://www.tandfonline.com/feed/rss/tmam20",
        "homepage": "https://www.tandfonline.com/journals/tmam20",
        "publisher": "Taylor & Francis / SMCM",
        "topics": ["math", "music_theory", "computational_musicology", "category_theory"],
        "priority": "high",
        "pollInterval": "6h",
        "notes": "Mathematical music theory, category theory, computational musicology.",
        "requiresSubscription": true
      },
      {
        "id": "cmj",
        "name": "Computer Music Journal",
        "feedUrl": "https://direct.mit.edu/comj/rss/recent.xml",
        "homepage": "https://direct.mit.edu/comj",
        "publisher": "MIT Press",
        "topics": ["dsp", "synthesis", "electroacoustic", "technology"],
        "priority": "medium",
        "pollInterval": "12h",
        "notes": "Digital audio, synthesis, electroacoustic composition. Since 1977.",
        "requiresSubscription": true
      },
      {
        "id": "organised-sound",
        "name": "Organised Sound",
        "feedUrl": "https://www.cambridge.org/core/rss/product/id/E7D5CA7ED1FCAF7B37E49CDCE93A6C84",
        "homepage": "https://www.cambridge.org/core/journals/organised-sound",
        "publisher": "Cambridge University Press",
        "topics": ["electroacoustic", "synthesis", "sound_art", "technology"],
        "priority": "medium",
        "pollInterval": "12h",
        "notes": "Electroacoustic music, sound synthesis with artistic focus.",
        "requiresSubscription": true
      },
      {
        "id": "jse",
        "name": "Journal of Scientific Exploration",
        "feedUrl": "https://journalofscientificexploration.org/index.php/jse/gateway/plugin/WebFeedGatewayPlugin/rss2",
        "homepage": "https://journalofscientificexploration.org/",
        "publisher": "Society for Scientific Exploration",
        "topics": ["consciousness", "biofields", "anomalies", "frontier_science"],
        "priority": "medium",
        "pollInterval": "24h",
        "notes": "Full open access archives. Consciousness, biofields, subtle energy.",
        "requiresSubscription": false,
        "openAccess": true
      },
      {
        "id": "leonardo",
        "name": "Leonardo",
        "feedUrl": "https://direct.mit.edu/leon/rss/recent.xml",
        "homepage": "https://direct.mit.edu/leon",
        "publisher": "MIT Press",
        "topics": ["art_science", "technology", "interdisciplinary"],
        "priority": "low",
        "pollInterval": "24h",
        "notes": "Art, science, technology intersection. Leonardo Music Journal archives.",
        "requiresSubscription": true
      },
      {
        "id": "gaim",
        "name": "Global Advances in Integrative Medicine and Health",
        "feedUrl": "https://journals.sagepub.com/action/showFeed?ui=0&mi=ehikzz&ai=2b4&jc=gama&type=etoc&feed=rss",
        "homepage": "https://journals.sagepub.com/home/gam",
        "publisher": "SAGE / Academic Consortium",
        "topics": ["integrative_medicine", "biofields", "sound_healing"],
        "priority": "medium",
        "pollInterval": "12h",
        "notes": "Medical research on sound healing and biofield therapies.",
        "requiresSubscription": false,
        "openAccess": true
      }
    ],

    "magazines": [
      {
        "id": "quanta",
        "name": "Quanta Magazine",
        "feedUrl": "https://api.quantamagazine.org/feed/",
        "homepage": "https://www.quantamagazine.org/",
        "publisher": "Simons Foundation",
        "topics": ["math", "physics", "science_journalism"],
        "priority": "high",
        "pollInterval": "6h",
        "notes": "High-quality science journalism. Geometry of music, math visualization.",
        "requiresSubscription": false,
        "openAccess": true
      },
      {
        "id": "sos",
        "name": "Sound On Sound",
        "feedUrl": "https://www.soundonsound.com/rss.xml",
        "homepage": "https://www.soundonsound.com/",
        "publisher": "SOS Publications",
        "topics": ["synthesis", "recording", "production", "dsp"],
        "priority": "medium",
        "pollInterval": "12h",
        "notes": "Synth Secrets series (63 parts) is essential. Best practical synthesis physics.",
        "requiresSubscription": false,
        "keyResources": [
          {
            "title": "Synth Secrets Complete Series",
            "url": "https://www.soundonsound.com/series/synth-secrets-sound-sound",
            "notes": "63-part series on synthesis physics. Ingest all parts."
          }
        ]
      },
      {
        "id": "nautilus",
        "name": "Nautilus",
        "feedUrl": "https://nautil.us/feed/",
        "homepage": "https://nautil.us/",
        "publisher": "Nautilus",
        "topics": ["science", "philosophy", "resonance", "harmony"],
        "priority": "low",
        "pollInterval": "24h",
        "notes": "Deep philosophical themes around science. Subscription for full access.",
        "requiresSubscription": true
      }
    ],

    "labs_and_archives": [
      {
        "id": "brams",
        "name": "BRAMS News",
        "feedUrl": null,
        "scrapingRequired": true,
        "homepage": "https://brams.org/",
        "publisher": "International Laboratory for Brain, Music and Sound Research",
        "topics": ["neuroscience", "entrainment", "neuroplasticity", "cognition"],
        "priority": "high",
        "pollInterval": "24h",
        "notes": "Montreal-based neuroscience of music hub. May need scraping or manual checks.",
        "monitorUrl": "https://brams.org/news/"
      },
      {
        "id": "mpi-aesthetics",
        "name": "Max Planck Institute for Empirical Aesthetics",
        "feedUrl": "https://www.aesthetics.mpg.de/en/news.xml",
        "homepage": "https://www.aesthetics.mpg.de/en.html",
        "publisher": "Max Planck Society",
        "topics": ["aesthetics", "cognition", "emotion", "perception"],
        "priority": "medium",
        "pollInterval": "24h",
        "notes": "Why we like what we like. Cognitive and emotional processing of music."
      },
      {
        "id": "unsw-acoustics",
        "name": "UNSW Music Acoustics",
        "feedUrl": null,
        "scrapingRequired": true,
        "homepage": "https://www.phys.unsw.edu.au/music/",
        "publisher": "University of New South Wales",
        "topics": ["acoustics", "instruments", "voice", "resonance"],
        "priority": "high",
        "pollInterval": "weekly",
        "notes": "Most comprehensive free resource for physics of musical instruments. Prof. Joe Wolfe. Static resource - ingest key pages.",
        "keyResources": [
          { "title": "Voice Acoustics", "url": "https://www.phys.unsw.edu.au/jw/voice.html" },
          { "title": "Violin Acoustics", "url": "https://www.phys.unsw.edu.au/jw/violinacoustics.html" },
          { "title": "Publications List", "url": "https://www.phys.unsw.edu.au/jw/publications.html" }
        ]
      },
      {
        "id": "ccrma",
        "name": "CCRMA Stanford",
        "feedUrl": null,
        "scrapingRequired": true,
        "homepage": "https://ccrma.stanford.edu/",
        "publisher": "Stanford University",
        "topics": ["dsp", "fm_synthesis", "psychoacoustics", "computer_music"],
        "priority": "medium",
        "pollInterval": "weekly",
        "notes": "Pioneer in computer music and FM synthesis. Seminal papers from 1970s-present."
      },
      {
        "id": "sethares",
        "name": "William Sethares Homepage",
        "feedUrl": null,
        "scrapingRequired": true,
        "homepage": "https://sethares.engr.wisc.edu/",
        "publisher": "University of Wisconsin",
        "topics": ["tuning", "timbre", "spectrum", "adaptive_tuning", "consonance"],
        "priority": "high",
        "pollInterval": "weekly",
        "notes": "Tuning, Timbre, Spectrum, Scale. Adaptive tuning algorithms. Key compositional resource.",
        "keyResources": [
          { "title": "Book Overview", "url": "https://sethares.engr.wisc.edu/prelude.html" },
          { "title": "Audio Examples", "url": "https://sethares.engr.wisc.edu/html/soundexamples.html" },
          { "title": "Related Tuning Papers", "url": "https://sethares.engr.wisc.edu/papersbysubject.html" }
        ]
      }
    ],

    "youtube": [
      {
        "id": "3b1b",
        "name": "3Blue1Brown",
        "feedUrl": "https://www.youtube.com/feeds/videos.xml?channel_id=UCYO_jab_esuFRV4b17AJtAw",
        "homepage": "https://www.youtube.com/c/3blue1brown",
        "creator": "Grant Sanderson",
        "topics": ["math", "visualization", "fourier", "linear_algebra"],
        "priority": "high",
        "pollInterval": "24h",
        "notes": "Visual math essays. Fourier Transform and Math of Music videos essential.",
        "keyVideos": [
          { "title": "But what is the Fourier Transform?", "videoId": "spUNpyF58BY" },
          { "title": "Music and Measure Theory", "videoId": "cyW5z-M2yzw" }
        ]
      },
      {
        "id": "adam-neely",
        "name": "Adam Neely",
        "feedUrl": "https://www.youtube.com/feeds/videos.xml?channel_id=UCnkp4xDOwqqJD7sSM3xdUiQ",
        "homepage": "https://www.youtube.com/c/AdamNeely",
        "creator": "Adam Neely",
        "topics": ["music_theory", "tuning", "physics", "culture"],
        "priority": "high",
        "pollInterval": "24h",
        "notes": "Video essays on music theory, physics (Harmonic Series), tuning (432Hz vs 440Hz).",
        "keyVideos": [
          { "title": "The Harmonic Series", "searchQuery": "adam neely harmonic series" },
          { "title": "432Hz vs 440Hz", "searchQuery": "adam neely 432" }
        ]
      },
      {
        "id": "david-bennett",
        "name": "David Bennett Piano",
        "feedUrl": "https://www.youtube.com/feeds/videos.xml?channel_id=UCz2iUx-Imr6HgDC3zAFpjOw",
        "homepage": "https://www.youtube.com/c/DavidBennettPiano",
        "creator": "David Bennett",
        "topics": ["music_theory", "modes", "tuning", "analysis"],
        "priority": "medium",
        "pollInterval": "24h",
        "notes": "Accessible breakdowns of modes, tuning systems, pop/classical analysis."
      },
      {
        "id": "cymascope",
        "name": "CymaScope",
        "feedUrl": "https://www.youtube.com/feeds/videos.xml?channel_id=UChfmWGYc-CA1KwFRqVL9-9w",
        "homepage": "https://www.youtube.com/channel/UChfmWGYc-CA1KwFRqVL9-9w",
        "creator": "John Stuart Reid",
        "topics": ["cymatics", "visualization", "water_memory", "sound_healing"],
        "priority": "high",
        "pollInterval": "24h",
        "notes": "Primary source for visualizing 'everything is frequency'. Water cymatics.",
        "keyVideos": [
          { "title": "Secrets of Cymatics II", "videoId": "K8w_frOvfGo" }
        ]
      },
      {
        "id": "andrew-huang",
        "name": "Andrew Huang",
        "feedUrl": "https://www.youtube.com/feeds/videos.xml?channel_id=UCdcemy56JtVTrsFIOoqvV8g",
        "homepage": "https://www.youtube.com/c/andrewhuang",
        "creator": "Andrew Huang",
        "topics": ["harmonic_series", "synthesis", "production", "music_theory"],
        "priority": "medium",
        "pollInterval": "24h",
        "notes": "Harmonic series breakdown video cited in document. Practical synthesis.",
        "keyVideos": [
          { "title": "The most mind-blowing concept in music (Harmonic Series)", "videoId": "Wx_kugSemfY" }
        ]
      }
    ],

    "podcasts": [
      {
        "id": "loc-music-brain",
        "name": "Music and the Brain",
        "feedUrl": "https://www.loc.gov/podcasts/musicandthebrain/podcast.xml",
        "homepage": "https://www.loc.gov/podcasts/musicandthebrain/",
        "publisher": "Library of Congress",
        "host": "Kay Redfield Jamison",
        "topics": ["neuroscience", "cognition", "composition", "performance"],
        "priority": "high",
        "pollInterval": "24h",
        "notes": "High-prestige. Neuroscientists, composers, performers on music and cognition."
      },
      {
        "id": "sounding-out",
        "name": "Sounding Out!",
        "feedUrl": "https://soundstudiesblog.com/feed/podcast/",
        "homepage": "https://soundstudiesblog.com/podcast/",
        "publisher": "Sounding Out!",
        "topics": ["sound_studies", "acoustic_ecology", "listening", "culture"],
        "priority": "medium",
        "pollInterval": "24h",
        "notes": "Sound studies, acoustic ecology, cultural politics of listening."
      }
    ]
  },

  "conferences": {
    "_notes": "These don't have RSS but should be checked annually for proceedings and CFPs",
    "items": [
      {
        "id": "asa",
        "name": "Acoustical Society of America Meetings",
        "homepage": "https://acousticalsociety.org/",
        "frequency": "bi-annual",
        "nextMeetings": [
          { "location": "Honolulu", "date": "2025-12" },
          { "location": "Philadelphia", "date": "2026-05" }
        ],
        "topics": ["acoustics", "psychoacoustics", "musical_acoustics"]
      },
      {
        "id": "icmpc",
        "name": "International Conference on Music Perception and Cognition",
        "homepage": "https://www.musicperception.org/events",
        "frequency": "biennial",
        "nextMeeting": { "date": "2026-08" },
        "topics": ["perception", "cognition", "psychology"]
      },
      {
        "id": "mcm",
        "name": "Mathematics and Computation in Music",
        "homepage": "https://www.smcm-net.info/",
        "frequency": "biennial",
        "nextMeeting": { "date": "2026" },
        "topics": ["math", "computation", "music_theory"]
      },
      {
        "id": "globe-sound",
        "name": "Globe Sound Healing Conference",
        "homepage": "https://www.soundhealingcenter.com/",
        "frequency": "annual",
        "nextMeeting": { "date": "2025-11" },
        "topics": ["sound_healing", "therapy", "vibration"]
      }
    ]
  },

  "priorityIngestion": {
    "_notes": "These should be ingested first as static resources before RSS polling begins",
    "items": [
      {
        "type": "webpage",
        "title": "Synth Secrets Complete Series",
        "url": "https://www.soundonsound.com/series/synth-secrets-sound-sound",
        "parts": 63,
        "rationale": "Best practical physics course on sound synthesis ever written"
      },
      {
        "type": "webpage",
        "title": "UNSW Voice Acoustics",
        "url": "https://www.phys.unsw.edu.au/jw/voice.html",
        "rationale": "Detailed physics of human voice as resonator"
      },
      {
        "type": "webpage",
        "title": "Sethares Tuning Overview",
        "url": "https://sethares.engr.wisc.edu/prelude.html",
        "rationale": "Foundation for timbre-tuning relationship"
      },
      {
        "type": "video",
        "title": "3B1B Fourier Transform",
        "url": "https://www.youtube.com/watch?v=spUNpyF58BY",
        "rationale": "Essential visualization for understanding frequency decomposition"
      },
      {
        "type": "video",
        "title": "Andrew Huang Harmonic Series",
        "url": "https://www.youtube.com/watch?v=Wx_kugSemfY",
        "rationale": "Cited in source document. Visual harmonic series explanation."
      },
      {
        "type": "video",
        "title": "Secrets of Cymatics II - John Stuart Reid",
        "url": "https://www.youtube.com/watch?v=K8w_frOvfGo",
        "rationale": "Primary cymatics research source"
      }
    ]
  }
}
